<?xml version="1.0" encoding="UTF-8" standalone="yes"?>
<addon id="com.nuvsoft.kodi.reboot" name="Daily Reboot" version="0.0.1" provider-name="nuvsoft">
	<requires>
		<import addon="xbmc.python" version="2.1.0"/>
	</requires>
	<extension point="xbmc.service" library="service.py" start="login"/>
	<extension point="xbmc.addon.metadata">
		<platform>all</platform>
		<summary lang="en">Schedule a Daily Reboot</summary>
		<description lang="en">Reboot Kodi at a fixed time each day.</description>
		<license>GNU General Public License, v2</license>
		<language></language>
		<forum>http://forum.kodi.tv/showthread.php?tid=304606</forum>
		<source>https://github.com/nuvious/kodirebootplugin</source>
		<website>nuvsoft.com</website>
		<email>david.cheeseman@nuvsoft.com</email>
		<assets>
			<icon>resources/icon.png</icon>
			<fanart>resources/fanart.jpg</fanart>
		</assets>
		<news>Initial alpha release.</news>
	</extension>
</addon>
