<?xml version="1.0" encoding="UTF-8" standalone="yes"?>
<addon id="plugin.program.soultv" name="[B][COLOR grey]Soul TV[/COLOR][/B] Helper" version="0.6.0" provider-name="Soul">
  <requires>
    <import addon="xbmc.python" version="2.1.0"/>
    <import addon="script.module.requests"/>
  </requires>
  <extension point="xbmc.python.pluginsource" library="default.py">
    <provides>executable</provides>
  </extension>
  <extension point="xbmc.service" library="startup.py" start="startup" />
  <extension point="xbmc.addon.metadata">
    <summary lang="en">[B][COLOR grey]soultv.github.io[/COLOR][/B]</summary>
    <description lang="en">soultv.github.io</description>
    <platform>all</platform>
  </extension>
</addon>
