<?xml version='1.0' encoding='UTF-8'?>
<shortcuts>
	<shortcut>
		<defaultID>plugin.program.iagl</defaultID>
		<label>Browse Games</label>
		<label2>Program</label2>
		<icon>DefaultShortcut.png</icon>
		<thumb>image://%2fUsers%2fpH%2fLibrary%2fApplication%20Support%2fKodi%2faddons%2fplugin.program.iagl%2ficon.png/</thumb>
		<action>ActivateWindow(Programs,"plugin://plugin.program.iagl",return)</action>
	</shortcut>
	<shortcut>
		<defaultID>10821</defaultID>
		<label>Game Add-ons</label>
		<label2>Programs</label2>
		<icon>special://skin/extras/icons/games.png</icon>
		<thumb />
		<action>ActivateWindow(Games)</action>
	</shortcut>
	<shortcut>
		<defaultID>gameadd-ons</defaultID>
		<label>Install Game Add-ons</label>
		<label2>Favourite</label2>
		<icon>special://skin/extras/icons/folder.png</icon>
		<thumb>DefaultAddonGame.png</thumb>
		<action>ActivateWindow(10040,"addons://all/category.gameaddons",return)</action>
	</shortcut>
</shortcuts>
