<?xml version='1.0' encoding='UTF-8'?>
<shortcuts>
	<shortcut>
		<defaultID>search</defaultID>
		<label>Search</label>
		<label2>Favourite</label2>
		<icon>special://skin/extras/icons/folder.png</icon>
		<thumb />
		<action>ActivateWindow(10040,"addons://search/",return)</action>
	</shortcut>
	<shortcut>
		<defaultID>24001</defaultID>
		<label>Browse</label>
		<label2>Settings</label2>
		<icon>special://skin/extras/icons/addons.png</icon>
		<thumb />
		<action>ActivateWindow(AddonBrowser)</action>
	</shortcut>
	<shortcut>
		<defaultID>1037</defaultID>
		<label>Video</label>
		<label2>item</label2>
		<icon>special://skin/extras/icons/video-addons.png</icon>
		<thumb />
		<action>ActivateWindow(Videos,addons://sources/video/,return)</action>
	</shortcut>
	<shortcut>
		<defaultID>plugin.video.netflix</defaultID>
		<label>Netflix</label>
		<label2>Video Add-On</label2>
		<icon>DefaultShortcut.png</icon>
		<thumb>image://%2fUsers%2fpH%2fLibrary%2fApplication%20Support%2fKodi%2faddons%2fplugin.video.netflix%2fresources%2ficon.png/</thumb>
		<action>ActivateWindow(Videos,"plugin://plugin.video.netflix",return)</action>
		<disabled>True</disabled>
	</shortcut>
	<shortcut>
		<defaultID>plugin.video.amazon-test/</defaultID>
		<label>Amazon VOD</label>
		<label2>Favourite</label2>
		<icon>special://skin/extras/icons/folder.png</icon>
		<thumb>special://home/addons/plugin.video.amazon-test/icon.png</thumb>
		<action>ActivateWindow(10025,"plugin://plugin.video.amazon-test/",return)</action>
		<disabled>True</disabled>
	</shortcut>
	<shortcut>
		<defaultID>10821</defaultID>
		<label>10821</label>
		<label2>Programs</label2>
		<icon>special://skin/extras/icons/games.png</icon>
		<thumb />
		<action>ActivateWindow(Games)</action>
		<disabled>True</disabled>
	</shortcut>
</shortcuts>
