<?xml version='1.0' encoding='UTF-8'?>
<shortcuts>
	<shortcut>
		<defaultID>19023</defaultID>
		<label>19023</label>
		<label2>Live TV</label2>
		<icon>special://skin/extras/icons/tv.png</icon>
		<thumb />
		<action>ActivateWindow(TVChannels)</action>
	</shortcut>
	<shortcut>
		<defaultID>22020</defaultID>
		<label>22020</label>
		<label2>Live TV</label2>
		<icon>special://skin/extras/icons/tvguide.png</icon>
		<thumb />
		<action>ActivateWindow(TVGuide)</action>
	</shortcut>
	<shortcut>
		<defaultID>19163</defaultID>
		<label>19163</label>
		<label2>Live TV</label2>
		<icon>special://skin/extras/icons/bookmark-star.png</icon>
		<thumb />
		<action>ActivateWindow(TVRecordings)</action>
	</shortcut>
	<shortcut>
		<defaultID>19040</defaultID>
		<label>19040</label>
		<label2>Live TV</label2>
		<icon>special://skin/extras/icons/timer.png</icon>
		<thumb />
		<action>ActivateWindow(TVTimers)</action>
	</shortcut>
	<shortcut>
		<defaultID>137</defaultID>
		<label>137</label>
		<label2>Live TV</label2>
		<icon>special://skin/extras/icons/search.png</icon>
		<thumb />
		<action>ActivateWindow(TVSearch)</action>
	</shortcut>
</shortcuts>
