<?xml version='1.0' encoding='UTF-8'?>
<shortcuts>
	<shortcut>
		<defaultID />
		<label>Latest 4k Releases</label>
		<label2>Video Add-On</label2>
		<icon>DefaultShortcut.png</icon>
		<thumb>image://%2fUsers%2fpH%2fLibrary%2fApplication%20Support%2fKodi%2faddons%2fplugin.video.seren%2fico-fox-gold-final.png/</thumb>
		<action>ActivateWindow(Videos,"plugin://plugin.video.seren/?action=moviesLatest4k",return)</action>
		<disabled>True</disabled>
	</shortcut>
	<shortcut>
		<defaultID />
		<label>Trending</label>
		<label2>Video Add-On</label2>
		<icon>DefaultShortcut.png</icon>
		<thumb>image://%2fUsers%2fpH%2fLibrary%2fApplication%20Support%2fKodi%2faddons%2fplugin.video.seren%2fico-fox-gold-final.png/</thumb>
		<action>ActivateWindow(Videos,"plugin://plugin.video.seren/?action=moviesTrending&amp;page=1",return)</action>
	</shortcut>
	<shortcut>
		<defaultID />
		<label>Latest Releases by Gilad &amp; Alex</label>
		<label2>Video Add-On</label2>
		<icon>DefaultShortcut.png</icon>
		<thumb>image://%2fUsers%2fpH%2fLibrary%2fApplication%20Support%2fKodi%2faddons%2fplugin.video.seren%2fico-fox-gold-final.png/</thumb>
		<action>ActivateWindow(Videos,"plugin://plugin.video.seren/?action=moviesLatest",return)</action>
	</shortcut>
	<shortcut>
		<defaultID />
		<label>Recommended For You</label>
		<label2>Video Add-On</label2>
		<icon>DefaultShortcut.png</icon>
		<thumb>image://%2fUsers%2fpH%2fLibrary%2fApplication%20Support%2fKodi%2faddons%2fplugin.video.seren%2fico-fox-gold-final.png/</thumb>
		<action>ActivateWindow(Videos,"plugin://plugin.video.seren/?action=moviesRecommended",return)</action>
		<disabled>True</disabled>
	</shortcut>
	<shortcut>
		<defaultID />
		<label>Rotten Tomatoes Best Movies of the Year</label>
		<label2>Video Add-On</label2>
		<icon>DefaultShortcut.png</icon>
		<thumb>image://%2fUsers%2fpH%2fLibrary%2fApplication%20Support%2fKodi%2faddons%2fplugin.video.seren%2fico-fox-gold-final.png/</thumb>
		<action>ActivateWindow(Videos,"plugin://plugin.video.seren/?action=moviesRTBestofyear",return)</action>
		<disabled>True</disabled>
	</shortcut>
	<shortcut>
		<defaultID />
		<label>Netflix Movies</label>
		<label2>Video Add-On</label2>
		<icon>DefaultShortcut.png</icon>
		<thumb>image://%2fUsers%2fpH%2fLibrary%2fApplication%20Support%2fKodi%2faddons%2fplugin.video.seren%2fico-fox-gold-final.png/</thumb>
		<action>ActivateWindow(Videos,"plugin://plugin.video.seren/?action=moviesNetflix",return)</action>
		<disabled>True</disabled>
	</shortcut>
	<shortcut>
		<defaultID />
		<label>Great Movies You May Have Never Heard Of</label>
		<label2>Video Add-On</label2>
		<icon>DefaultShortcut.png</icon>
		<thumb>image://%2fUsers%2fpH%2fLibrary%2fApplication%20Support%2fKodi%2faddons%2fplugin.video.seren%2fico-fox-gold-final.png/</thumb>
		<action>ActivateWindow(Videos,"plugin://plugin.video.seren/?action=moviesNeverseen",return)</action>
		<disabled>True</disabled>
	</shortcut>
	<shortcut>
		<defaultID />
		<label>Reddit Selections</label>
		<label2>Video Add-On</label2>
		<icon>DefaultShortcut.png</icon>
		<thumb>image://%2fUsers%2fpH%2fLibrary%2fApplication%20Support%2fKodi%2faddons%2fplugin.video.seren%2fico-fox-gold-final.png/</thumb>
		<action>ActivateWindow(Videos,"plugin://plugin.video.seren/?action=moviesLatestReddit",return)</action>
		<disabled>True</disabled>
	</shortcut>
	<shortcut>
		<defaultID />
		<label>Netflix Movies by Pixel Hunter</label>
		<label2>Video Add-On</label2>
		<icon>DefaultShortcut.png</icon>
		<thumb>image://%2fUsers%2fpH%2fLibrary%2fApplication%20Support%2fKodi%2faddons%2fplugin.video.seren%2fico-fox-gold-final.png/</thumb>
		<action>ActivateWindow(Videos,"plugin://plugin.video.seren/?action=moviesPixelHunter",return)</action>
		<disabled>True</disabled>
	</shortcut>
</shortcuts>
