<?xml version='1.0' encoding='UTF-8'?>
<shortcuts>
	<shortcut>
		<defaultID />
		<label>TV Shows | Popular</label>
		<label2>Video Add-On</label2>
		<icon>DefaultShortcut.png</icon>
		<thumb>image://%2fUsers%2fpH%2fLibrary%2fApplication%20Support%2fKodi%2faddons%2fplugin.video.seren%2fico-fox-gold-final.png/</thumb>
		<action>ActivateWindow(Videos,"plugin://plugin.video.seren/?action=showsNetworkShows&amp;actionArgs=Netflix&amp;page=1",return)</action>
	</shortcut>
	<shortcut>
		<defaultID />
		<label>TV Shows | New</label>
		<label2>Video Add-On</label2>
		<icon>DefaultShortcut.png</icon>
		<thumb>image://%2fUsers%2fpH%2fLibrary%2fApplication%20Support%2fKodi%2faddons%2fplugin.video.seren%2fico-fox-gold-final.png/</thumb>
		<action>ActivateWindow(Videos,"plugin://plugin.video.seren/?action=showsNetflix",return)</action>
	</shortcut>
	<shortcut>
		<defaultID />
		<label>TV Shows | Random</label>
		<label2>Video Add-On</label2>
		<icon>DefaultShortcut.png</icon>
		<thumb>image://%2fUsers%2fpH%2fLibrary%2fApplication%20Support%2fKodi%2faddons%2fplugin.video.seren%2fico-fox-gold-final.png/</thumb>
		<action>ActivateWindow(Videos,"plugin://plugin.video.seren/?action=showsPixelHunter",return)</action>
	</shortcut>
	<shortcut>
		<defaultID />
		<label>Movies | New</label>
		<label2>Video Add-On</label2>
		<icon>DefaultShortcut.png</icon>
		<thumb>image://%2fUsers%2fpH%2fLibrary%2fApplication%20Support%2fKodi%2faddons%2fplugin.video.seren%2fico-fox-gold-final.png/</thumb>
		<action>ActivateWindow(Videos,"plugin://plugin.video.seren/?action=moviesNetflix",return)</action>
	</shortcut>
	<shortcut>
		<defaultID />
		<label>Movies | Random</label>
		<label2>Video Add-On</label2>
		<icon>DefaultShortcut.png</icon>
		<thumb>image://%2fUsers%2fpH%2fLibrary%2fApplication%20Support%2fKodi%2faddons%2fplugin.video.seren%2fico-fox-gold-final.png/</thumb>
		<action>ActivateWindow(Videos,"plugin://plugin.video.seren/?action=moviesPixelHunter",return)</action>
	</shortcut>
</shortcuts>
