<?xml version='1.0' encoding='UTF-8'?>
<shortcuts>
	<shortcut>
		<defaultID />
		<label>Trending</label>
		<label2>Video Add-On</label2>
		<icon>DefaultShortcut.png</icon>
		<thumb>image://%2fUsers%2fpH%2fLibrary%2fApplication%20Support%2fKodi%2faddons%2fplugin.video.seren%2fico-fox-gold-final.png/</thumb>
		<action>ActivateWindow(Videos,"plugin://plugin.video.seren/?action=showsTrending&amp;page=1",return)</action>
	</shortcut>
	<shortcut>
		<defaultID />
		<label>New by Trakt</label>
		<label2>Video Add-On</label2>
		<icon>DefaultShortcut.png</icon>
		<thumb>image://%2fUsers%2fpH%2fLibrary%2fApplication%20Support%2fKodi%2faddons%2fplugin.video.seren%2fico-fox-gold-final.png/</thumb>
		<action>ActivateWindow(Videos,"plugin://plugin.video.seren/?action=showsNew",return)</action>
	</shortcut>
	<shortcut>
		<defaultID />
		<label>New by Gary</label>
		<label2>Video Add-On</label2>
		<icon>DefaultShortcut.png</icon>
		<thumb>image://%2fUsers%2fpH%2fLibrary%2fApplication%20Support%2fKodi%2faddons%2fplugin.video.seren%2fico-fox-gold-final.png/</thumb>
		<action>ActivateWindow(Videos,"plugin://plugin.video.seren/?action=showsGary",return)</action>
	</shortcut>
	<shortcut>
		<defaultID />
		<label>Recommended For You</label>
		<label2>Video Add-On</label2>
		<icon>DefaultShortcut.png</icon>
		<thumb>image://%2fUsers%2fpH%2fLibrary%2fApplication%20Support%2fKodi%2faddons%2fplugin.video.seren%2fico-fox-gold-final.png/</thumb>
		<action>ActivateWindow(Videos,"plugin://plugin.video.seren/?action=showsRecommended",return)</action>
		<disabled>True</disabled>
	</shortcut>
	<shortcut>
		<defaultID />
		<label>Most Watched</label>
		<label2>Video Add-On</label2>
		<icon>DefaultShortcut.png</icon>
		<thumb>image://%2fUsers%2fpH%2fLibrary%2fApplication%20Support%2fKodi%2faddons%2fplugin.video.seren%2fico-fox-gold-final.png/</thumb>
		<action>ActivateWindow(Videos,"plugin://plugin.video.seren/?action=showsWatched&amp;page=1",return)</action>
		<disabled>True</disabled>
	</shortcut>
	<shortcut>
		<defaultID />
		<label>Netflix</label>
		<label2>Video Add-On</label2>
		<icon>DefaultShortcut.png</icon>
		<thumb>image://%2fUsers%2fpH%2fLibrary%2fApplication%20Support%2fKodi%2faddons%2fplugin.video.seren%2fico-fox-gold-final.png/</thumb>
		<action>ActivateWindow(Videos,"plugin://plugin.video.seren/?action=showsNetflix",return)</action>
		<disabled>True</disabled>
	</shortcut>
	<shortcut>
		<defaultID />
		<label>Amazon</label>
		<label2>Video Add-On</label2>
		<icon>DefaultShortcut.png</icon>
		<thumb>image://%2fUsers%2fpH%2fLibrary%2fApplication%20Support%2fKodi%2faddons%2fplugin.video.seren%2fico-fox-gold-final.png/</thumb>
		<action>ActivateWindow(Videos,"plugin://plugin.video.seren/?action=showsAmazon",return)</action>
		<disabled>True</disabled>
	</shortcut>
	<shortcut>
		<defaultID />
		<label>Hulu</label>
		<label2>Video Add-On</label2>
		<icon>DefaultShortcut.png</icon>
		<thumb>image://%2fUsers%2fpH%2fLibrary%2fApplication%20Support%2fKodi%2faddons%2fplugin.video.seren%2fico-fox-gold-final.png/</thumb>
		<action>ActivateWindow(Videos,"plugin://plugin.video.seren/?action=showsHulu",return)</action>
		<disabled>True</disabled>
	</shortcut>
</shortcuts>
