<?xml version="1.0" encoding="UTF-8"?>
<addon id="repository.soultv" name="Soul TV Repo" version="1.0.0" provider-name="Soul TV">
	<extension point="xbmc.addon.repository" name="Soul TV Repo">
        
        <dir>
            <info compressed="false">https://raw.githubusercontent.com/SoulTV/soultv.github.io/master/zips/addons.xml</info>
            <checksum>https://raw.githubusercontent.com/SoulTV/soultv.github.io/master/zips/addons.xml.md5</checksum>
            <datadir zip="true">https://raw.githubusercontent.com/SoulTV/soultv.github.io/master/zips/</datadir>
        </dir>

		<dir>
			<info compressed="false">https://raw.githubusercontent.com/123Venom/zips/master/addons.xml</info>
			<checksum>https://raw.githubusercontent.com/123Venom/zips/master/addons.xml.md5</checksum>
			<datadir zip="true">https://raw.githubusercontent.com/123Venom/zips/master/</datadir>
		</dir>

		<dir>
            <info compressed="false">https://raw.githubusercontent.com/a4k-openproject/repository.addons4kodi/master/zips/addons.xml</info>
            <checksum>https://raw.githubusercontent.com/a4k-openproject/repository.addons4kodi/master/zips/addons.xml.md5</checksum>
            <datadir zip="true">https://raw.githubusercontent.com/a4k-openproject/repository.addons4kodi/master/zips/</datadir>
		</dir>

		<dir>
			<info compressed="false">https://raw.githubusercontent.com/a4k-openproject/repository.openscrapers/master/zips/addons.xml</info>
			<checksum>https://raw.githubusercontent.com/a4k-openproject/repository.openscrapers/master/zips/addons.xml.md5</checksum>
			<datadir zip="true">https://raw.githubusercontent.com/a4k-openproject/repository.openscrapers/master/zips/</datadir>
		</dir>

		<dir>
			<info compressed="false">https://raw.githubusercontent.com/a4k-openproject/repository.openmeta/master/zips/addons.xml</info>
			<checksum>https://raw.githubusercontent.com/a4k-openproject/repository.openmeta/master/zips/addons.xml.md5</checksum>
			<datadir zip="true">https://raw.githubusercontent.com/a4k-openproject/repository.openmeta/master/zips/</datadir>
		</dir>

		<dir>
			<info compressed="false">https://raw.githubusercontent.com/nixgates/nixgates/master/packages/addons.xml</info>
			<checksum>https://raw.githubusercontent.com/nixgates/nixgates/master/packages/addons.xml.md5</checksum>
			<datadir zip="true">https://raw.githubusercontent.com/nixgates/nixgates/master/packages</datadir>
		</dir>

		<dir>
			<info compressed="false">https://raw.githubusercontent.com/marcelveldt/repository.marcelveldt/master/addons.xml</info>
			<checksum>https://raw.githubusercontent.com/marcelveldt/repository.marcelveldt/master/addons.xml.md5</checksum>
			<datadir zip="true">https://raw.githubusercontent.com/marcelveldt/repository.marcelveldt/master/</datadir>
		</dir>

		<dir>
			<info compressed="false">https://github.com/gaiaorigin/gaiaorigin/raw/master/common/addons.xml?v=5.0.0</info>
			<checksum>https://github.com/gaiaorigin/gaiaorigin/raw/master/common/addons.xml.md5?v=5.0.0</checksum>
			<datadir zip="true">https://github.com/gaiaorigin/gaiaorigin/raw/master/common/</datadir>
		</dir>

		<dir>
            <info compressed="false">https://raw.githubusercontent.com/jewbmx/repo/master/zips/addons.xml</info>
            <checksum>https://raw.githubusercontent.com/jewbmx/repo/master/zips/addons.xml.md5</checksum>
            <datadir zip="true">https://raw.githubusercontent.com/jewbmx/repo/master/zips/</datadir>
            <hashes>false</hashes>
		</dir>

		<dir>
            <info compressed="false">https://raw.githubusercontent.com/jewbmx/JewBackD/master/zips/addons.xml</info>
            <checksum>https://raw.githubusercontent.com/jewbmx/JewBackD/master/zips/addons.xml.md5</checksum>
            <datadir zip="true">https://raw.githubusercontent.com/jewbmx/JewBackD/master/zips/</datadir>
		</dir>

		<dir>
		    <info compressed="false">https://repo.orionoid.com/addons.xml?v=3.3.0</info>
		    <checksum>https://repo.orionoid.com/addons.xml.md5?v=3.3.0</checksum>
		    <datadir zip="true">https://repo.orionoid.com</datadir>
		</dir>

		<dir>
            <info compressed="false">https://the-crew.xyz/_zips/addons.xml</info>
            <checksum>https://the-crew.xyz/_zips/addons.xml.md5</checksum>
            <datadir zip="true">https://the-crew.xyz/_zips/</datadir>
		</dir>

		<dir>
		    <info compressed="false">https://raw.githubusercontent.com/Sandmann79/xbmc/master/packages/addons.xml</info>
		    <checksum>https://raw.githubusercontent.com/Sandmann79/xbmc/master/packages/addons.xml.md5</checksum>
		    <datadir zip="true">https://raw.githubusercontent.com/Sandmann79/xbmc/master/packages/</datadir>
		</dir>

		<dir>
		    <info>https://raw.githubusercontent.com/rmrector/repository.rector.stuff/master/addons.xml</info>
		    <checksum>https://raw.githubusercontent.com/rmrector/repository.rector.stuff/master/addons.xml.md5</checksum>
		    <datadir zip="true">https://raw.githubusercontent.com/rmrector/repository.rector.stuff/master/</datadir>
		</dir>

		<dir>
		    <info compressed="false">https://raw.githubusercontent.com/aenemapy/aenemapyrepo/master/addons.xml</info>
		    <checksum>https://raw.githubusercontent.com/aenemapy/aenemapyrepo/master/addons.xml.md5</checksum>
		    <datadir zip="true">https://raw.githubusercontent.com/aenemapy/aenemapyrepo/master/zips/</datadir>
		</dir>

		<dir>
			<info>https://github.com/CastagnaIT/repository.castagnait/raw/master/addons.xml</info>
			<checksum>https://github.com/CastagnaIT/repository.castagnait/raw/master/addons.xml.md5</checksum>
			<datadir zip="true">https://github.com/CastagnaIT/repository.castagnait/raw/master/zip</datadir>
		</dir>

		<dir>
            <info compressed="false">https://raw.githubusercontent.com/denimnani/zips/master/addons.xml</info>
            <checksum>https://raw.githubusercontent.com/denimnani/zips/master/addons.xml.md5</checksum>
            <datadir zip="true">https://raw.githubusercontent.com/denimnani/zips/master/</datadir>
		</dir>

		<dir>
            <info compressed="false">https://raw.githubusercontent.com/jurialmunkey/repository.jurialmunkey/master/zips/addons.xml</info>
            <checksum>https://raw.githubusercontent.com/jurialmunkey/repository.jurialmunkey/master/zips/addons.xml.md5</checksum>
            <datadir zip="true">https://raw.githubusercontent.com/jurialmunkey/repository.jurialmunkey/master/zips/</datadir>
		</dir>
            
        <dir>
            <info compressed="false">https://raw.githubusercontent.com/drinfernoo/repository.aftermath/master/zips/addons.xml</info>
            <checksum>https://raw.githubusercontent.com/drinfernoo/repository.aftermath/master/zips/addons.xml.md5</checksum>
            <datadir zip="true">https://raw.githubusercontent.com/drinfernoo/repository.aftermath/master/zips/</datadir>
        </dir>
            
        <dir>
		    <info compressed="false">https://raw.githubusercontent.com/skyfsza/repository.auramod/master/addons.xml</info>
		    <checksum>https://raw.githubusercontent.com/skyfsza/repository.auramod/master/addons.xml.md5</checksum>
		    <datadir zip="true">https://raw.githubusercontent.com/skyfsza/repository.auramod/master/</datadir>
        </dir>
            
        <dir>
			<info compressed="false">https://raw.githubusercontent.com/DxCx/repo.plugin.video.9anime/master/addons.xml</info>
			<checksum>https://raw.githubusercontent.com/DxCx/repo.plugin.video.9anime/master/addons.xml.md5</checksum>
			<datadir zip="true">https://raw.githubusercontent.com/DxCx/repo.plugin.video.9anime/master</datadir>
			<hashes>false</hashes>
        </dir>
            
        <dir>
            <info compressed="false">http://builds.kodiuk.tv/development/kodiukrepo/_zips/addons.xml</info>
            <checksum>http://builds.kodiuk.tv/development/kodiukrepo/_zips/addons.xml.md5</checksum>
            <datadir zip="true">http://builds.kodiuk.tv/development/kodiukrepo/_zips</datadir>
            <hashes>false</hashes>
        </dir>
            
        <dir>
			<info compressed="false">https://raw.githubusercontent.com/mbebe/blomqvist/master/zips/addons.xml</info>
			<checksum>https://raw.githubusercontent.com/mbebe/blomqvist/master/zips/addons.xml.md5</checksum>
			<datadir zip="true">https://github.com/mbebe/blomqvist/raw/master/zips</datadir>
        </dir>
            
        <dir>
             <info compressed="false">https://raw.githubusercontent.com/Tempest0580/temptv/master/zips/addons.xml</info>
             <checksum>https://raw.githubusercontent.com/Tempest0580/temptv/master/zips/addons.xml.md5</checksum>
	         <datadir zip="true">https://raw.githubusercontent.com/Tempest0580/temptv/master/zips/</datadir>
        </dir>
        
        <dir>
             <info compressed="false">http://noledynasty.xyz/_zips/addons.xml</info>
             <checksum>http://noledynasty.xyz/_zips/addons.xml.md5</checksum>
             <datadir zip="true">http://noledynasty.xyz/_zips/</datadir>
        </dir>
        
        <dir>
             <info compressed="true">https://github.com/zach-morris/repository.zachmorris/raw/master/addons.xml</info>
             <checksum>https://github.com/zach-morris/repository.zachmorris/raw/master/addons.xml.md5</checksum>
             <datadir zip="true">https://raw.githubusercontent.com/zach-morris/repository.zachmorris/master/</datadir>
        </dir>
        
        <dir>
             <info compressed="false">https://k.mjh.nz/.repository/addons.xml</info>
             <checksum>https://k.mjh.nz/.repository/addons.xml.md5</checksum>
             <datadir zip="true">https://k.mjh.nz/.repository/</datadir>
        </dir>

	</extension>
	<extension point="xbmc.addon.metadata">
		<summary lang="en">soultv.github.io</summary>
		<description lang="en">soultvstudio@gmail.com</description>
		<disclaimer lang="en">The author is not responsible for the use of this addon. The author is not responsible for the content found using this addon. The author does not host or own any content found within this addon. The author is in no way affiliated with Kodi, Team Kodi, or the XBMC Foundation. This is a Non-profit resource, organized solely for educational purposes which is protected under the Fair-Use doctrine of the Copyright Act, Specifically section 107, which does promote freedom of expression, by permitting the unlicensed use of copyright-protected works</disclaimer>
		<platform>all</platform>
		<license>GNU GENERAL PUBLIC LICENSE. Version 3, 29 June 2007</license>
		<assets>
			<icon>icon.png</icon>
			<fanart>fanart.jpg</fanart>
		</assets>
		<news></news>
	</extension>
</addon>
