<?xml version="1.0" encoding="UTF-8" standalone="yes"?>
<addon id="repository.soultv" name="Soul TV Repository" version="1.0.0.100" provider-name="Soul TV">
    <extension point="xbmc.addon.repository" name="Soul TV Repository">
        
        <dir>
            <info compressed="false">https://raw.githubusercontent.com/SoulTV/soultv.github.io/master/zips/addons.xml</info>
            <checksum>https://raw.githubusercontent.com/SoulTV/soultv.github.io/master/zips/addons.xml.md5</checksum>
            <datadir zip="true">https://raw.githubusercontent.com/SoulTV/soultv.github.io/master/zips/</datadir>
        </dir>
        
        <dir>
            <info compressed="false">https://raw.githubusercontent.com/jurialmunkey/repository.jurialmunkey/master/zips/addons.xml</info>
            <checksum>https://raw.githubusercontent.com/jurialmunkey/repository.jurialmunkey/master/zips/addons.xml.md5</checksum>
            <datadir zip="true">https://raw.githubusercontent.com/jurialmunkey/repository.jurialmunkey/master/zips/</datadir>
        </dir>
        
		<dir>
			<info compressed="false">https://raw.githubusercontent.com/123Venom/zips/master/addons.xml</info>
			<checksum>https://raw.githubusercontent.com/123Venom/zips/master/addons.xml.md5</checksum>
			<datadir zip="true">https://raw.githubusercontent.com/123Venom/zips/master/</datadir>
		</dir>

		<dir>
            <info compressed="false">https://raw.githubusercontent.com/a4k-openproject/repository.addons4kodi/master/zips/addons.xml</info>
            <checksum>https://raw.githubusercontent.com/a4k-openproject/repository.addons4kodi/master/zips/addons.xml.md5</checksum>
            <datadir zip="true">https://raw.githubusercontent.com/a4k-openproject/repository.addons4kodi/master/zips/</datadir>
		</dir>

		<dir>
			<info compressed="false">https://raw.githubusercontent.com/a4k-openproject/repository.openscrapers/master/zips/addons.xml</info>
			<checksum>https://raw.githubusercontent.com/a4k-openproject/repository.openscrapers/master/zips/addons.xml.md5</checksum>
			<datadir zip="true">https://raw.githubusercontent.com/a4k-openproject/repository.openscrapers/master/zips/</datadir>
		</dir>

		<dir>
			<info compressed="false">https://raw.githubusercontent.com/nixgates/nixgates/master/packages/addons.xml</info>
			<checksum>https://raw.githubusercontent.com/nixgates/nixgates/master/packages/addons.xml.md5</checksum>
			<datadir zip="true">https://raw.githubusercontent.com/nixgates/nixgates/master/packages</datadir>
		</dir>

		<dir>
			<info compressed="false">https://raw.githubusercontent.com/marcelveldt/repository.marcelveldt/master/addons.xml</info>
			<checksum>https://raw.githubusercontent.com/marcelveldt/repository.marcelveldt/master/addons.xml.md5</checksum>
			<datadir zip="true">https://raw.githubusercontent.com/marcelveldt/repository.marcelveldt/master/</datadir>
		</dir>

		<dir>
			<info compressed="false">https://github.com/gaiaorigin/gaiaorigin/raw/master/common/addons.xml</info>
			<checksum>https://github.com/gaiaorigin/gaiaorigin/raw/master/common/addons.xml.md5</checksum>
			<datadir zip="true">https://github.com/gaiaorigin/gaiaorigin/raw/master/common/</datadir>
		</dir>

		<dir>
		    <info compressed="false">https://github.com/gaiaorigin/gaiaorigin/raw/master/addons.xml</info>
		    <checksum>https://github.com/gaiaorigin/gaiaorigin/raw/master/addons.xml.md5</checksum>
		    <datadir zip="true">https://github.com/gaiaorigin/gaiaorigin/raw/master/</datadir>
		</dir>

		<dir>
		    <info compressed="false">https://repo.orionoid.com/addons.xml</info>
		    <checksum>https://repo.orionoid.com/addons.xml.md5</checksum>
		    <datadir zip="true">https://repo.orionoid.com</datadir>
		</dir>

		<dir>
		    <info compressed="false">https://raw.githubusercontent.com/Sandmann79/xbmc/master/packages/addons.xml</info>
		    <checksum>https://raw.githubusercontent.com/Sandmann79/xbmc/master/packages/addons.xml.md5</checksum>
		    <datadir zip="true">https://raw.githubusercontent.com/Sandmann79/xbmc/master/packages/</datadir>
		</dir>

		<dir>
		    <info compressed="false">https://raw.githubusercontent.com/aenemapy/aenemapyrepo/master/addons.xml</info>
		    <checksum>https://raw.githubusercontent.com/aenemapy/aenemapyrepo/master/addons.xml.md5</checksum>
		    <datadir zip="true">https://raw.githubusercontent.com/aenemapy/aenemapyrepo/master/zips/</datadir>
		</dir>

		<dir>
			<info>https://github.com/CastagnaIT/repository.castagnait/raw/master/addons.xml</info>
			<checksum>https://github.com/CastagnaIT/repository.castagnait/raw/master/addons.xml.md5</checksum>
			<datadir zip="true">https://github.com/CastagnaIT/repository.castagnait/raw/master/zip</datadir>
		</dir>
            
        <dir>
		    <info compressed="false">https://raw.githubusercontent.com/skyfsza/repository.auramod/master/addons.xml</info>
		    <checksum>https://raw.githubusercontent.com/skyfsza/repository.auramod/master/addons.xml.md5</checksum>
		    <datadir zip="true">https://raw.githubusercontent.com/skyfsza/repository.auramod/master/</datadir>
        </dir>
            
        <dir>
             <info compressed="false">https://raw.githubusercontent.com/Tikipeter/repository.tikipeter/master/addons.xml</info>
             <checksum>https://raw.githubusercontent.com/Tikipeter/repository.tikipeter/master/addons.xml.md5</checksum>
             <datadir zip="true">https://raw.githubusercontent.com/Tikipeter/repository.tikipeter/master/zip</datadir>
        </dir>
            
        <dir>
             <info compressed="false">https://raw.githubusercontent.com/Tempest0580/tempest/master/zips/addons.xml</info>
	         <checksum>https://raw.githubusercontent.com/Tempest0580/tempest/master/zips/addons.xml.md5</checksum>
	         <datadir zip="true">https://raw.githubusercontent.com/Tempest0580/tempest/master/zips/</datadir>
        </dir>
            
        <dir>
             <info compressed="false">https://raw.githubusercontent.com/Tempest0580/temptv/master/zips/addons.xml</info>
             <checksum>https://raw.githubusercontent.com/Tempest0580/temptv/master/zips/addons.xml.md5</checksum>
	         <datadir zip="true">https://raw.githubusercontent.com/Tempest0580/temptv/master/zips/</datadir>
        </dir>
        
		<dir>
            <info compressed="false">https://raw.githubusercontent.com/krazware/therealufo/master/addons.xml</info>
            <checksum>https://raw.githubusercontent.com/krazware/therealufo/master/addons.xml.md5</checksum>
            <datadir zip="true">https://raw.githubusercontent.com/krazware/therealufo/master/zips</datadir>
            <hashes>false</hashes>
		</dir>
        
		<dir>
            <info compressed="false">https://raw.githubusercontent.com/ruinernin/foxystreams/repo/zips/addons.xml</info>
            <checksum>https://raw.githubusercontent.com/ruinernin/foxystreams/repo/zips/addons.xml.md5</checksum>
            <datadir zip="true">https://raw.githubusercontent.com/ruinernin/foxystreams/repo/zips/</datadir>
		</dir>
        
		<dir>
            <info compressed="false">https://raw.githubusercontent.com/ruinernin/foxymeta/repo/zips/addons.xml</info>
            <checksum>https://raw.githubusercontent.com/ruinernin/foxymeta/repo/zips/addons.xml.md5</checksum>
            <datadir zip="true">https://raw.githubusercontent.com/ruinernin/foxymeta/repo/zips/</datadir>
		</dir>
        <dir>
            <info compressed="false">https://raw.githubusercontent.com/Gujal00/smrzips/master/addons.xml</info>
            <checksum>https://raw.githubusercontent.com/Gujal00/smrzips/master/addons.xml.md5</checksum>
            <datadir zip="true">https://raw.githubusercontent.com/Gujal00/smrzips/master/zips/</datadir>
        </dir>
        <dir>
            <info compressed="false">https://raw.githubusercontent.com/drinfernoo/plugin.program.autowidget/devrepo/zips/addons.xml</info>
            <checksum>https://raw.githubusercontent.com/drinfernoo/plugin.program.autowidget/devrepo/zips/addons.xml.md5</checksum>
            <datadir zip="true">https://raw.githubusercontent.com/drinfernoo/plugin.program.autowidget/devrepo/zips/</datadir>
        </dir>
        <dir>
            <info compressed="false">https://raw.githubusercontent.com/drinfernoo/plugin.program.autowidget/repo/zips/addons.xml</info>
            <checksum>https://raw.githubusercontent.com/drinfernoo/plugin.program.autowidget/repo/zips/addons.xml.md5</checksum>
            <datadir zip="true">https://raw.githubusercontent.com/drinfernoo/plugin.program.autowidget/repo/zips/</datadir>
        </dir>
        <dir>
            <info>https://raw.githubusercontent.com/newt-sc/a4kSubtitles/master/packages/addons.xml</info>
            <checksum>https://raw.githubusercontent.com/newt-sc/a4kSubtitles/master/packages/addons.xml.crc</checksum>
            <datadir>https://github.com/newt-sc/a4kSubtitles/archive</datadir>
        </dir>
   ###THECREW.XML.START
		<dir>
			<info compressed="false">https://raw.githubusercontent.com/thecrewwh/zips/master/_zip/addons.xml</info>
			<checksum>https://raw.githubusercontent.com/thecrewwh/zips/master/_zip/addons.xml.md5</checksum>
			<datadir zip="true">https://raw.githubusercontent.com/thecrewwh/zips/master/_zip</datadir>
		</dir>
		<dir>
			<info compressed="false">https://raw.githubusercontent.com/jsergio123/zips/master/addons.xml</info>
			<checksum>https://raw.githubusercontent.com/jsergio123/zips/master/addons.xml.md5</checksum>
			<datadir zip="true">https://raw.githubusercontent.com/jsergio123/zips/master/</datadir>
		</dir>
		<dir>
			<info compressed="false">https://raw.githubusercontent.com/teamuniversal/scrapers/master/_modules4all/zips/addons.xml</info>
			<checksum>https://raw.githubusercontent.com/teamuniversal/scrapers/master/_modules4all/zips/addons.xml.md5</checksum>
			<datadir zip="true">https://raw.githubusercontent.com/teamuniversal/scrapers/master/_modules4all/zips/</datadir>
		</dir>
		<dir>
			<info compressed="false">https://raw.githubusercontent.com/dobbelina/repository.dobbelina/master/addons.xml</info>
			<checksum>https://raw.githubusercontent.com/dobbelina/repository.dobbelina/master/addons.xml.md5</checksum>
			<datadir zip="true">https://raw.githubusercontent.com/dobbelina/repository.dobbelina/master/</datadir>
		</dir>
		<dir>
			<info compressed="false">https://raw.githubusercontent.com/therealatreides/housetools/master/code/_housefiles/addons.xml</info>
			<checksum>https://raw.githubusercontent.com/therealatreides/housetools/master/code/_housefiles/addons.xml.md5</checksum>
			<datadir zip="true">https://raw.githubusercontent.com/therealatreides/housetools/master/code/_housefiles/</datadir>
		</dir>
   ###THECREW.XML.END  
        
    </extension>
    <extension point="xbmc.addon.metadata">
        <summary>Soul TV Repository</summary>
        <description>soultv.github.io</description>
        <disclaimer>soultvstudio@gmail.com</disclaimer>
        <platform>all</platform>
        <assets>
            <icon>icon.png</icon>
            <fanart>fanart.jpg</fanart>
        </assets>
    </extension>
</addon>