<?xml version="1.0" encoding="UTF-8" standalone="yes"?>
<addon id="repository.soultv" name="Soul TV Repository" version="1.0.0.006" provider-name="Soul TV">
    <extension point="xbmc.addon.repository" name="Soul TV Repository">
        
        <dir>
            <info compressed="false">https://raw.githubusercontent.com/SoulTV/soultv.github.io/master/zips/addons.xml</info>
            <checksum>https://raw.githubusercontent.com/SoulTV/soultv.github.io/master/zips/addons.xml.md5</checksum>
            <datadir zip="true">https://raw.githubusercontent.com/SoulTV/soultv.github.io/master/zips/</datadir>
        </dir>
        
        <dir>
            <info compressed="false">https://raw.githubusercontent.com/jurialmunkey/repository.jurialmunkey/master/zips/addons.xml</info>
            <checksum>https://raw.githubusercontent.com/jurialmunkey/repository.jurialmunkey/master/zips/addons.xml.md5</checksum>
            <datadir zip="true">https://raw.githubusercontent.com/jurialmunkey/repository.jurialmunkey/master/zips/</datadir>
        </dir>
        
		<dir>
			<info compressed="false">https://raw.githubusercontent.com/123Venom/zips/master/addons.xml</info>
			<checksum>https://raw.githubusercontent.com/123Venom/zips/master/addons.xml.md5</checksum>
			<datadir zip="true">https://raw.githubusercontent.com/123Venom/zips/master/</datadir>
		</dir>

		<dir>
            <info compressed="false">https://raw.githubusercontent.com/a4k-openproject/repository.addons4kodi/master/zips/addons.xml</info>
            <checksum>https://raw.githubusercontent.com/a4k-openproject/repository.addons4kodi/master/zips/addons.xml.md5</checksum>
            <datadir zip="true">https://raw.githubusercontent.com/a4k-openproject/repository.addons4kodi/master/zips/</datadir>
		</dir>

		<dir>
			<info compressed="false">https://raw.githubusercontent.com/a4k-openproject/repository.openscrapers/master/zips/addons.xml</info>
			<checksum>https://raw.githubusercontent.com/a4k-openproject/repository.openscrapers/master/zips/addons.xml.md5</checksum>
			<datadir zip="true">https://raw.githubusercontent.com/a4k-openproject/repository.openscrapers/master/zips/</datadir>
		</dir>

		<dir>
			<info compressed="false">https://raw.githubusercontent.com/a4k-openproject/repository.openmeta/master/zips/addons.xml</info>
			<checksum>https://raw.githubusercontent.com/a4k-openproject/repository.openmeta/master/zips/addons.xml.md5</checksum>
			<datadir zip="true">https://raw.githubusercontent.com/a4k-openproject/repository.openmeta/master/zips/</datadir>
		</dir>

		<dir>
			<info compressed="false">https://raw.githubusercontent.com/nixgates/nixgates/master/packages/addons.xml</info>
			<checksum>https://raw.githubusercontent.com/nixgates/nixgates/master/packages/addons.xml.md5</checksum>
			<datadir zip="true">https://raw.githubusercontent.com/nixgates/nixgates/master/packages</datadir>
		</dir>

		<dir>
			<info compressed="false">https://raw.githubusercontent.com/marcelveldt/repository.marcelveldt/master/addons.xml</info>
			<checksum>https://raw.githubusercontent.com/marcelveldt/repository.marcelveldt/master/addons.xml.md5</checksum>
			<datadir zip="true">https://raw.githubusercontent.com/marcelveldt/repository.marcelveldt/master/</datadir>
		</dir>

		<dir>
			<info compressed="false">https://github.com/gaiaorigin/gaiaorigin/raw/master/common/addons.xml?v=5.0.0</info>
			<checksum>https://github.com/gaiaorigin/gaiaorigin/raw/master/common/addons.xml.md5?v=5.0.0</checksum>
			<datadir zip="true">https://github.com/gaiaorigin/gaiaorigin/raw/master/common/</datadir>
		</dir>

		<dir>
		    <info compressed="false">https://github.com/gaiaorigin/gaiaorigin/raw/master/addons.xml?v=5.0.0</info>
		    <checksum>https://github.com/gaiaorigin/gaiaorigin/raw/master/addons.xml.md5?v=5.0.0</checksum>
		    <datadir zip="true">https://github.com/gaiaorigin/gaiaorigin/raw/master/</datadir>
		</dir>

		<dir>
		    <info compressed="false">https://repo.orionoid.com/addons.xml?v=3.3.0</info>
		    <checksum>https://repo.orionoid.com/addons.xml.md5?v=3.3.0</checksum>
		    <datadir zip="true">https://repo.orionoid.com</datadir>
		</dir>

		<dir>
		    <info compressed="false">https://raw.githubusercontent.com/Sandmann79/xbmc/master/packages/addons.xml</info>
		    <checksum>https://raw.githubusercontent.com/Sandmann79/xbmc/master/packages/addons.xml.md5</checksum>
		    <datadir zip="true">https://raw.githubusercontent.com/Sandmann79/xbmc/master/packages/</datadir>
		</dir>

		<dir>
		    <info>https://raw.githubusercontent.com/rmrector/repository.rector.stuff/master/addons.xml</info>
		    <checksum>https://raw.githubusercontent.com/rmrector/repository.rector.stuff/master/addons.xml.md5</checksum>
		    <datadir zip="true">https://raw.githubusercontent.com/rmrector/repository.rector.stuff/master/</datadir>
		</dir>

		<dir>
		    <info compressed="false">https://raw.githubusercontent.com/aenemapy/aenemapyrepo/master/addons.xml</info>
		    <checksum>https://raw.githubusercontent.com/aenemapy/aenemapyrepo/master/addons.xml.md5</checksum>
		    <datadir zip="true">https://raw.githubusercontent.com/aenemapy/aenemapyrepo/master/zips/</datadir>
		</dir>

		<dir>
			<info>https://github.com/CastagnaIT/repository.castagnait/raw/master/addons.xml</info>
			<checksum>https://github.com/CastagnaIT/repository.castagnait/raw/master/addons.xml.md5</checksum>
			<datadir zip="true">https://github.com/CastagnaIT/repository.castagnait/raw/master/zip</datadir>
		</dir>

		<dir>
            <info compressed="false">https://raw.githubusercontent.com/denimnani/zips/master/addons.xml</info>
            <checksum>https://raw.githubusercontent.com/denimnani/zips/master/addons.xml.md5</checksum>
            <datadir zip="true">https://raw.githubusercontent.com/denimnani/zips/master/</datadir>
		</dir>

		<dir>
            <info compressed="false">https://raw.githubusercontent.com/Guilouz/repository.guilouz/master/_repo/addons.xml</info>
            <checksum>https://raw.githubusercontent.com/Guilouz/repository.guilouz/master/_repo/addons.xml.md5</checksum>
            <datadir zip="true">https://github.com/Guilouz/repository.guilouz/raw/master/_repo</datadir>
            <hashes>false</hashes> 
		</dir>
            
        <dir>
            <info compressed="false">https://raw.githubusercontent.com/drinfernoo/repository.aftermath/master/zips/addons.xml</info>
            <checksum>https://raw.githubusercontent.com/drinfernoo/repository.aftermath/master/zips/addons.xml.md5</checksum>
            <datadir zip="true">https://raw.githubusercontent.com/drinfernoo/repository.aftermath/master/zips/</datadir>
        </dir>
            
        <dir>
		    <info compressed="false">https://raw.githubusercontent.com/skyfsza/repository.auramod/master/addons.xml</info>
		    <checksum>https://raw.githubusercontent.com/skyfsza/repository.auramod/master/addons.xml.md5</checksum>
		    <datadir zip="true">https://raw.githubusercontent.com/skyfsza/repository.auramod/master/</datadir>
        </dir>
            
        <dir>
			<info compressed="false">https://raw.githubusercontent.com/DxCx/repo.plugin.video.9anime/master/addons.xml</info>
			<checksum>https://raw.githubusercontent.com/DxCx/repo.plugin.video.9anime/master/addons.xml.md5</checksum>
			<datadir zip="true">https://raw.githubusercontent.com/DxCx/repo.plugin.video.9anime/master</datadir>
			<hashes>false</hashes>
        </dir>
            
        <dir>
		    <info compressed="false">https://raw.githubusercontent.com/jsergio123/zips/master/addons.xml</info>
		    <checksum>https://raw.githubusercontent.com/jsergio123/zips/master/addons.xml.md5</checksum>
		    <datadir zip="true">https://raw.githubusercontent.com/jsergio123/zips/master/</datadir>
        </dir>
            
        <dir>
              <info compressed="false">https://raw.githubusercontent.com/I-A-C/zips/master/addons.xml</info>
              <checksum>https://raw.githubusercontent.com/I-A-C/zips/master/addons.xml.md5</checksum>
              <datadir zip="true">https://raw.githubusercontent.com/I-A-C/zips/master/</datadir>
        </dir>
            
        <dir>
            <info compressed="false">https://raw.githubusercontent.com/teamuniversal/scrapers/master/_modules4all/zips/addons.xml</info>
            <checksum>https://raw.githubusercontent.com/teamuniversal/scrapers/master/_modules4all/zips/addons.xml.md5</checksum>
            <datadir zip="true">https://raw.githubusercontent.com/teamuniversal/scrapers/master/_modules4all/zips/</datadir>
        </dir>
            
        <dir>
            <info compressed="false">https://raw.githubusercontent.com/totalrevolution/python-koding/master/zips/addons.xml</info>
            <checksum>https://raw.githubusercontent.com/totalrevolution/python-koding/master/zips/addons.xml.md5</checksum>
            <datadir zip="true">https://raw.githubusercontent.com/totalrevolution/python-koding/master/zips/</datadir>
        </dir>
            
        <dir>
            <info compressed="false">https://raw.githubusercontent.com/Proximus2000/mb-support/master/zips/addons.xml</info>
            <checksum>https://raw.githubusercontent.com/Proximus2000/mb-support/master/zips/addons.xml.md5</checksum>
            <datadir zip="true">https://github.com/Proximus2000/mb-support/raw/master/zips</datadir>
        </dir>
            
        <dir>
			<info compressed="false">https://raw.githubusercontent.com/mbebe/blomqvist/master/zips/addons.xml</info>
			<checksum>https://raw.githubusercontent.com/mbebe/blomqvist/master/zips/addons.xml.md5</checksum>
			<datadir zip="true">https://github.com/mbebe/blomqvist/raw/master/zips</datadir>
        </dir>
            
        <dir>
	         <info compressed="false">https://raw.githubusercontent.com/mrkodz/mrkodz.github.io/master/Plugins/addons.xml</info>
	         <checksum>https://raw.githubusercontent.com/mrkodz/mrkodz.github.io/master/Plugins/addons.xml.md5</checksum>
	         <datadir zip="true">https://raw.githubusercontent.com/mrkodz/mrkodz.github.io/master/Plugins/</datadir>
        </dir>
            
        <dir>
             <info compressed="false">https://raw.githubusercontent.com/Tikipeter/repository.tikipeter/master/addons.xml</info>
             <checksum>https://raw.githubusercontent.com/Tikipeter/repository.tikipeter/master/addons.xml.md5</checksum>
             <datadir zip="true">https://raw.githubusercontent.com/Tikipeter/repository.tikipeter/master/zip</datadir>
        </dir>
            
        <dir>
             <info compressed="false">https://raw.githubusercontent.com/Tempest0580/tempest/master/zips/addons.xml</info>
	         <checksum>https://raw.githubusercontent.com/Tempest0580/tempest/master/zips/addons.xml.md5</checksum>
	         <datadir zip="true">https://raw.githubusercontent.com/Tempest0580/tempest/master/zips/</datadir>
        </dir>
            
        <dir>
             <info compressed="false">https://raw.githubusercontent.com/Tempest0580/temptv/master/zips/addons.xml</info>
             <checksum>https://raw.githubusercontent.com/Tempest0580/temptv/master/zips/addons.xml.md5</checksum>
	         <datadir zip="true">https://raw.githubusercontent.com/Tempest0580/temptv/master/zips/</datadir>
        </dir>
        
        <dir>
             <info compressed="false">http://noledynasty.xyz/_zips/addons.xml</info>
             <checksum>http://noledynasty.xyz/_zips/addons.xml.md5</checksum>
             <datadir zip="true">http://noledynasty.xyz/_zips/</datadir>
        </dir>
        
        <dir>
             <info compressed="false">https://raw.githubusercontent.com/zomboided/xbmc.zomboided.plugins/master/addons.xml</info>
             <checksum>https://raw.githubusercontent.com/zomboided/xbmc.zomboided.plugins/master/addons.xml.md5</checksum>
             <datadir zip="true">https://github.com/zomboided/xbmc.zomboided.plugins/raw/master/plugins/</datadir>
        </dir>
        
        <dir>
             <info compressed="true">https://github.com/zach-morris/repository.zachmorris/raw/master/addons.xml</info>
             <checksum>https://github.com/zach-morris/repository.zachmorris/raw/master/addons.xml.md5</checksum>
             <datadir zip="true">https://raw.githubusercontent.com/zach-morris/repository.zachmorris/master/</datadir>
        </dir>
        
        <dir>
             <info compressed="false">https://k.mjh.nz/.repository/addons.xml</info>
             <checksum>https://k.mjh.nz/.repository/addons.xml.md5</checksum>
             <datadir zip="true">https://k.mjh.nz/.repository/</datadir>
        </dir>
        
		<dir>
			<info compressed="false">https://raw.githubusercontent.com/dobbelina/repository.dobbelina/master/addons.xml</info>
			<checksum>https://raw.githubusercontent.com/dobbelina/repository.dobbelina/master/addons.xml.md5</checksum>
			<datadir zip="true">https://raw.githubusercontent.com/dobbelina/repository.dobbelina/master/</datadir>
		</dir>
        
		<dir>
			<info compressed="false">https://raw.githubusercontent.com/thecrewwh/zips/master/_zips/addons.xml</info>
			<checksum>https://raw.githubusercontent.com/thecrewwh/zips/master/_zips/addons.xml.md5</checksum>
			<datadir zip="true">https://raw.githubusercontent.com/thecrewwh/zips/master/_zips</datadir>
		</dir>
        
		<dir>
            <info compressed="false">https://raw.githubusercontent.com/krazware/therealufo/master/addons.xml</info>
            <checksum>https://raw.githubusercontent.com/krazware/therealufo/master/addons.xml.md5</checksum>
            <datadir zip="true">https://raw.githubusercontent.com/krazware/therealufo/master/zips</datadir>
            <hashes>false</hashes>
		</dir>
        
		<dir>
            <info compressed="false">https://raw.githubusercontent.com/ruinernin/foxystreams/repo/zips/addons.xml</info>
            <checksum>https://raw.githubusercontent.com/ruinernin/foxystreams/repo/zips/addons.xml.md5</checksum>
            <datadir zip="true">https://raw.githubusercontent.com/ruinernin/foxystreams/repo/zips/</datadir>
		</dir>
        
		<dir>
            <info compressed="false">https://raw.githubusercontent.com/ruinernin/foxymeta/repo/zips/addons.xml</info>
            <checksum>https://raw.githubusercontent.com/ruinernin/foxymeta/repo/zips/addons.xml.md5</checksum>
            <datadir zip="true">https://raw.githubusercontent.com/ruinernin/foxymeta/repo/zips/</datadir>
		</dir>
        
		<dir>
		    <info compressed="false">https://raw.githubusercontent.com/skyfsza/repository.auramod/master/addons.xml</info>
		    <checksum>https://raw.githubusercontent.com/skyfsza/repository.auramod/master/addons.xml.md5</checksum>
		    <datadir zip="true">https://raw.githubusercontent.com/skyfsza/repository.auramod/master/</datadir>
		</dir>
        
    </extension>
    <extension point="xbmc.addon.metadata">
        <summary>Soul TV Repository</summary>
        <description>soultv.github.io</description>
        <disclaimer>soultvstudio@gmail.com</disclaimer>
        <platform>all</platform>
        <assets>
            <icon>icon.png</icon>
            <fanart>fanart.jpg</fanart>
        </assets>
    </extension>
</addon>