<?xml version="1.0" encoding="UTF-8" standalone="no"?>
<addon id="repository.soultv" name="Soul TV Repository" version="1.0.0" provider-name="Soul TV">
	<extension point="xbmc.addon.repository" name="Soul TV Repository">
		<dir>
            <info compressed="false">https://raw.githubusercontent.com/SoulTV/soultv.github.io/master/zips/addons.xml</info>
            <checksum>https://raw.githubusercontent.com/SoulTV/soultv.github.io/master/zips/addons.xml.md5</checksum>
            <datadir zip="true">https://raw.githubusercontent.com/SoulTV/soultv.github.io/master/zips/</datadir>
        </dir>
	</extension>
	<extension point="xbmc.addon.metadata">
		<summary>[B]Soul TV Repository[/B] Repository</summary>
		<description>The official home of the Soul TV Wizard.</description>
		<disclaimer></disclaimer>
		<platform>all</platform>
	</extension>
</addon>