<?xml version="1.0" encoding="UTF-8"?>
<addon id="repository.soultv" name="Soul TV Repo" version="1.0.0" provider-name="Soul TV">
	<extension point="xbmc.addon.repository" name="Soul TV Repo">
        <dir>
            <info compressed="false">https://raw.githubusercontent.com/SoulTV/soultv.github.io/master/zips/addons.xml</info>
            <checksum>https://raw.githubusercontent.com/SoulTV/soultv.github.io/master/zips/addons.xml.md5</checksum>
            <datadir zip="true">https://raw.githubusercontent.com/SoulTV/soultv.github.io/master/zips/</datadir>
        </dir>
	</extension>
	<extension point="xbmc.addon.metadata">
		<summary lang="en">soultv.github.io</summary>
		<description lang="en">soultv.github.io</description>
		<disclaimer lang="en">soultvstudio@gmail.com</disclaimer>
		<platform>all</platform>
		<license>GNU GENERAL PUBLIC LICENSE. Version 3, 29 June 2007</license>
		<assets>
			<icon>icon.png</icon>
			<fanart>fanart.jpg</fanart>
		</assets>
		<news>soultvstudio@gmail.com</news>
	</extension>
</addon>
