<?xml version="1.0" encoding="UTF-8" standalone="yes"?>
<addon id="repository.soultv" name="Soul TV Repository" version="1.0.0" provider-name="Soul TV">
    <extension point="xbmc.addon.repository" name="Soul TV Repository">  
        <dir>
            <info compressed="false">https://raw.githubusercontent.com/SoulTV/soultv.github.io/master/zips/addons.xml</info>
            <checksum>https://raw.githubusercontent.com/SoulTV/soultv.github.io/master/zips/addons.xml.md5</checksum>
            <datadir zip="true">https://raw.githubusercontent.com/SoulTV/soultv.github.io/master/zips/</datadir>
        </dir>     
    </extension>
    <extension point="xbmc.addon.metadata">
        <summary>Soul TV Repository</summary>
        <description>Soul TV Repository</description>
        <disclaimer>We don't condone or intend for this repo to be used in an illegal capacity</disclaimer>
        <platform>all</platform>
        <assets>
            <icon>icon.png</icon>
            <fanart>fanart.jpg</fanart>
        </assets>
    </extension>
</addon>