<?xml version="1.0" encoding="UTF-8" standalone="yes"?>
<addon id="screensaver.auramod" name="AuraMOD Screensaver" version="1.3.2" provider-name="drinfernoo">
    <requires>
        <import addon="xbmc.python" version="2.14.0"/>
    </requires>
    
    <extension point="xbmc.ui.screensaver" library="default.py"/>
    <extension point="xbmc.python.script" library="script.py"/>
    
    <extension point="xbmc.addon.metadata">
        <summary lang="en">AuraMOD Screensaver</summary>
        <description lang="en">Special screensaver just for AuraMOD.</description>
        <platform>all</platform>
        <license>See LICENSE.txt</license>
        <assets>
            <icon>icon.png</icon>
            <fanart>fanart.jpg</fanart>
        </assets>
    </extension>
</addon>
