<?xml version='1.0' encoding='UTF-8'?>
<shortcuts>
	<shortcut>
		<defaultID>colordarkgrey-forceupdateaddons-color</defaultID>
		<label>Update Addons</label>
		<label2>Favourite</label2>
		<icon>special://skin/extras/icons/folder.png</icon>
		<thumb>/storage/emulated/0/Android/data/org.xbmc.kodi/files/.kodi/addons/plugin.program.soul/resources/art/maintenance.png</thumb>
		<action>PlayMedia("plugin://plugin.program.soul/?mode=forceupdate",return)</action>
	</shortcut>
	<shortcut>
		<defaultID>colordarkgrey-speedtest-color</defaultID>
		<label>Speed Test</label>
		<label2>Custom item</label2>
		<icon>special://skin/extras/icons/folder.png</icon>
		<thumb>/storage/emulated/0/Android/data/org.xbmc.kodi/files/.kodi/addons/plugin.program.soul/resources/art/maintenance.png</thumb>
		<action>PlayMedia("plugin://plugin.program.soul/?mode=runspeedtest",return)</action>
	</shortcut>
	<shortcut>
		<defaultID>colordarkgrey-totalcleanup-colorspringgreen-b-316-79mb-b-color-color</defaultID>
		<label>Clear Cache</label>
		<label2>Favourite</label2>
		<icon>special://skin/extras/icons/folder.png</icon>
		<thumb>/storage/emulated/0/Android/data/org.xbmc.kodi/files/.kodi/addons/plugin.program.soul/resources/art/maintenance.png</thumb>
		<action>PlayMedia("plugin://plugin.program.soul/?mode=fullclean",return)</action>
	</shortcut>
	<shortcut>
		<defaultID />
		<label>Current Build</label>
		<label2>Program</label2>
		<icon>DefaultShortcut.png</icon>
		<thumb>image://%2fUsers%2fpH%2fLibrary%2fApplication%20Support%2fKodi%2faddons%2fplugin.program.soul%2ficon.png/</thumb>
		<action>ActivateWindow(Programs,"plugin://plugin.program.soul/?mode=viewbuild&amp;name=Soul+Solo",return)</action>
	</shortcut>
	<shortcut>
		<defaultID />
		<label>Builds</label>
		<label2>Program</label2>
		<icon>DefaultShortcut.png</icon>
		<thumb>image://%2fUsers%2fpH%2fLibrary%2fApplication%20Support%2fKodi%2faddons%2fplugin.program.soul%2fresources%2fart%2fbuilds.png/</thumb>
		<action>ActivateWindow(Programs,"plugin://plugin.program.soul/?mode=builds",return)</action>
	</shortcut>
	<shortcut>
		<defaultID />
		<label>Save Data/Accounts</label>
		<label2>Program</label2>
		<icon>DefaultShortcut.png</icon>
		<thumb>image://%2fUsers%2fpH%2fLibrary%2fApplication%20Support%2fKodi%2faddons%2fplugin.program.soul%2fresources%2fart%2fsavedata.png/</thumb>
		<action>ActivateWindow(Programs,"plugin://plugin.program.soul/?mode=savedata",return)</action>
	</shortcut>
	<shortcut>
		<defaultID />
		<label>Backup/Restore</label>
		<label2>Program</label2>
		<icon>DefaultShortcut.png</icon>
		<thumb>image://%2fUsers%2fpH%2fLibrary%2fApplication%20Support%2fKodi%2faddons%2fplugin.program.soul%2fresources%2fart%2fmaintenance.png/</thumb>
		<action>ActivateWindow(Programs,"plugin://plugin.program.soul/?mode=maint&amp;name=backup",return)</action>
	</shortcut>
	<shortcut>
		<defaultID />
		<label>System Tweaks/Fixes</label>
		<label2>Program</label2>
		<icon>DefaultShortcut.png</icon>
		<thumb>image://%2fUsers%2fpH%2fLibrary%2fApplication%20Support%2fKodi%2faddons%2fplugin.program.soul%2fresources%2fart%2fmaintenance.png/</thumb>
		<action>ActivateWindow(Programs,"plugin://plugin.program.soul/?mode=maint&amp;name=tweaks",return)</action>
	</shortcut>
	<shortcut>
		<defaultID>plugin.program.soul</defaultID>
		<label>Open [COLOR grey]Soul[/COLOR] Wizard</label>
		<label2>Program</label2>
		<icon>DefaultShortcut.png</icon>
		<thumb>image://%2fUsers%2fpH%2fLibrary%2fApplication%20Support%2fKodi%2faddons%2fplugin.program.soul%2ficon.png/</thumb>
		<action>ActivateWindow(Programs,"plugin://plugin.program.soul",return)</action>
	</shortcut>
</shortcuts>
