<?xml version='1.0' encoding='UTF-8'?>
<shortcuts>
	<shortcut>
		<defaultID>31381</defaultID>
		<label>$SKIN[31381|skin.arctic.zephyr.2|Last Played Channels]</label>
		<label2 />
		<icon>DefaultAddonPVRClient.png</icon>
		<thumb />
		<action>pvr://channels/tv/*?view=lastplayed</action>
	</shortcut>
	<shortcut>
		<defaultID>recentrecordings</defaultID>
		<label>Recent recordings</label>
		<label2 />
		<icon>DefaultTVShows.png</icon>
		<thumb>DefaultTVShows.png</thumb>
		<action>ActivateWindow(TvChannels,plugin://script.skin.helper.widgets/?action=recordings,return)</action>
	</shortcut>
</shortcuts>
