<?xml version='1.0' encoding='UTF-8'?>
<shortcuts>
	<shortcut>
		<defaultID>22020</defaultID>
		<label>Guide</label>
		<label2>Custom item</label2>
		<icon>special://skin/extras/icons/tv.png</icon>
		<thumb />
		<action>RunAddon(plugin.video.Area51Gui,return)</action>
	</shortcut>
	<shortcut>
		<defaultID>19023</defaultID>
		<label>Channels</label>
		<label2>Custom item</label2>
		<icon>special://skin/extras/icons/tv.png</icon>
		<thumb />
		<action>ActivateWindow(Videos,"plugin://plugin.video.area51/?action=security_check&amp;title=live+TV&amp;url=&amp;thumbnail=%2FUsers%2FpH%2FLibrary%2FApplication+Support%2FKodi%2Faddons%2Fplugin.video.area51%2Fresources%2Fart%2Flivetv.png&amp;plot=&amp;extra=&amp;page=",return)</action>
	</shortcut>
	<shortcut>
		<defaultID>22020</defaultID>
		<label>22020</label>
		<label2>Live TV</label2>
		<icon>special://skin/extras/icons/tv.png</icon>
		<thumb />
		<action>ActivateWindow(TVGuide)</action>
	</shortcut>
	<shortcut>
		<defaultID>19019</defaultID>
		<label>19019</label>
		<label2>Live TV</label2>
		<icon>special://skin/extras/icons/tv.png</icon>
		<thumb />
		<action>ActivateWindow(TVChannels)</action>
	</shortcut>
	<shortcut>
		<defaultID />
		<label>====Free IPTV====</label>
		<label2>Custom item</label2>
		<icon>DefaultShortcut.png</icon>
		<thumb />
		<action>noop</action>
	</shortcut>
	<shortcut>
		<defaultID>plugin.video.temptv</defaultID>
		<label>[COLOR fuchsia]TempTV[/COLOR]</label>
		<label2>Video Add-On</label2>
		<icon>DefaultShortcut.png</icon>
		<thumb>image://%2fUsers%2fpH%2fLibrary%2fApplication%20Support%2fKodi%2faddons%2fplugin.video.temptv%2ficon.png/</thumb>
		<action>ActivateWindow(Videos,"plugin://plugin.video.temptv",return)</action>
	</shortcut>
	<shortcut>
		<defaultID />
		<label>[COLOR deeppink]The Crew[/COLOR]</label>
		<label2>Custom item</label2>
		<icon>DefaultShortcut.png</icon>
		<thumb>image://%2fUsers%2fpH%2fLibrary%2fApplication%20Support%2fKodi%2faddons%2fscript.temptv.artwork%2fresources%2fmedia%2ftemptv%2fchannels.png/</thumb>
		<action>ActivateWindow(Videos,"plugin://plugin.video.thecrew/?action=whitehat",return)</action>
	</shortcut>
	<shortcut>
		<defaultID>script.module.tt</defaultID>
		<label>[COLOR lightseagreen]TV[/COLOR][COLOR darkgoldenrod]Tap[/COLOR]</label>
		<label2>Video Add-On</label2>
		<icon>DefaultShortcut.png</icon>
		<thumb>image://%2fUsers%2fpH%2fLibrary%2fApplication%20Support%2fKodi%2faddons%2fscript.module.tt%2ficon.png/</thumb>
		<action>ActivateWindow(Videos,"plugin://script.module.tt",return)</action>
	</shortcut>
	<shortcut>
		<defaultID />
		<label>=====SPORTS=====</label>
		<label2>Custom item</label2>
		<icon>DefaultShortcut.png</icon>
		<thumb />
		<action>noop</action>
	</shortcut>
	<shortcut>
		<defaultID />
		<label>[COLOR deeppink]The Crew[/COLOR] | Sports</label>
		<label2>Video Add-On</label2>
		<icon>DefaultShortcut.png</icon>
		<thumb>image://%2fUsers%2fpH%2fLibrary%2fApplication%20Support%2fKodi%2faddons%2fscript.thecrew.artwork%2fresources%2fmedia%2fthecrew%2fmain_bluehat.png/</thumb>
		<action>ActivateWindow(Videos,"plugin://plugin.video.thecrew/?action=bluehat",return)</action>
	</shortcut>
	<shortcut>
		<defaultID>plugin.video.endzone</defaultID>
		<label>[COLORnavajowhite]The Endzone[/COLOR]</label>
		<label2>Video Add-On</label2>
		<icon>DefaultShortcut.png</icon>
		<thumb>special://skin/extras/icons/</thumb>
		<action>ActivateWindow(Videos,"plugin://plugin.video.endzone",return)</action>
	</shortcut>
	<shortcut>
		<defaultID>plugin.video.gridironlegends</defaultID>
		<label>[COLOR gold]Gridiron Legends[/COLOR]</label>
		<label2>Video Add-On</label2>
		<icon>DefaultShortcut.png</icon>
		<thumb>image://%2fUsers%2fpH%2fLibrary%2fApplication%20Support%2fKodi%2faddons%2fplugin.video.gridironlegends%2ficon.png/</thumb>
		<action>ActivateWindow(Videos,"plugin://plugin.video.gridironlegends",return)</action>
	</shortcut>
	<shortcut>
		<defaultID />
		<label>[COLOR fuchsia]TempTV[/COLOR] | Sports</label>
		<label2>Custom item</label2>
		<icon>DefaultShortcut.png</icon>
		<thumb>image://http%3a%2f%2fswiftstreamz.com%2fSwiftPanel%2fimages%2f53021_sports.jpg/</thumb>
		<action>ActivateWindow(Videos,"plugin://plugin.video.temptv/?action=sports",return)</action>
		<disabled>True</disabled>
	</shortcut>
	<shortcut>
		<defaultID />
		<label>==================</label>
		<label2>Custom item</label2>
		<icon>DefaultShortcut.png</icon>
		<thumb />
		<action>noop</action>
	</shortcut>
	<shortcut>
		<defaultID>1036</defaultID>
		<label>Favourites</label>
		<label2>Common menu item</label2>
		<icon>special://skin/extras/icons/favourites2.png</icon>
		<thumb />
		<action>ActivateWindow(Favourites)</action>
	</shortcut>
</shortcuts>
