<?xml version='1.0' encoding='UTF-8'?>
<shortcuts>
	<shortcut>
		<defaultID>10000</defaultID>
		<label>10000</label>
		<label2>Custom item</label2>
		<icon>special://profile/addon_data/skin.titan.bingie/custom_images/CustomBackgroundSetting20190819214651.png</icon>
		<thumb>special://home/userdata/Soul Images/icon.png</thumb>
		<action>noop</action>
	</shortcut>
	<shortcut>
		<defaultID>livetv</defaultID>
		<label>32022</label>
		<label2>Custom item</label2>
		<icon>special://skin/extras/icons/livetv.png</icon>
		<thumb>special://home/userdata/Soul Images/airing.png</thumb>
		<action>SetFocus(302)</action>
		<disabled>True</disabled>
	</shortcut>
	<shortcut>
		<defaultID>137</defaultID>
		<label>137</label>
		<label2>Custom item</label2>
		<icon>special://skin/extras/icons/search.png</icon>
		<thumb>special://home/userdata/Soul Images/search.png</thumb>
		<action>SetFocus(302)</action>
	</shortcut>
	<shortcut>
		<defaultID>livetv</defaultID>
		<label>Live TV</label>
		<label2>Custom item</label2>
		<icon>special://skin/extras/icons/livetv.png</icon>
		<thumb>special://home/userdata/Soul Images/airing.png</thumb>
		<action>SetFocus(302)</action>
	</shortcut>
	<shortcut>
		<defaultID>31864</defaultID>
		<label>TV Shows</label>
		<label2>Custom item</label2>
		<icon>special://skin/extras/icons/tv.png</icon>
		<thumb>special://home/userdata/Soul Images/tv.png</thumb>
		<action>SetFocus(302)</action>
	</shortcut>
	<shortcut>
		<defaultID>31865</defaultID>
		<label>Movies</label>
		<label2>Custom item</label2>
		<icon>special://profile/addon_data/skin.titan.bingie/custom_images/CustomBackgroundSetting20190819214822.png</icon>
		<thumb>special://home/userdata/Soul Images/movies.png</thumb>
		<action>SetFocus(302)</action>
	</shortcut>
	<shortcut>
		<defaultID />
		<label>Trakt</label>
		<label2>Custom item</label2>
		<icon>DefaultShortcut.png</icon>
		<thumb>special://home/userdata/Soul Images/trakt.png</thumb>
		<action>SetFocus(302)</action>
		<disabled>True</disabled>
	</shortcut>
	<shortcut>
		<defaultID />
		<label>Netflix</label>
		<label2>Custom item</label2>
		<icon>DefaultShortcut.png</icon>
		<thumb>special://home/userdata/Soul Images/Netflix-Logo-PNG-Transparent-Image.png</thumb>
		<action>noop</action>
		<disabled>True</disabled>
	</shortcut>
	<shortcut>
		<defaultID>24001</defaultID>
		<label>24001</label>
		<label2>Custom item</label2>
		<icon>special://skin/extras/icons/addons.png</icon>
		<thumb>special://home/userdata/Soul Images/addonsgif.gif</thumb>
		<action>SetFocus(302)</action>
	</shortcut>
	<shortcut>
		<defaultID>33060</defaultID>
		<label>Settings</label>
		<label2>Common Shortcut</label2>
		<icon>special://skin/extras/icons/settings.png</icon>
		<thumb>special://home/userdata/Soul Images/loadinggrayscale.gif</thumb>
		<action>ActivateWindow(shutdownmenu)</action>
	</shortcut>
	<shortcut>
		<defaultID>settings</defaultID>
		<label>10004</label>
		<label2>Settings</label2>
		<icon>special://skin/extras/icons/settings.png</icon>
		<thumb>special://home/userdata/Soul Images/loadinggrayscale.gif</thumb>
		<action>ActivateWindow(Settings)</action>
		<visible>!String.IsEqual(Skin.String(HomeLayout),bingie)</visible>
		<disabled>True</disabled>
	</shortcut>
</shortcuts>
