<?xml version='1.0' encoding='UTF-8'?>
<shortcuts>
	<shortcut>
		<defaultID />
		<label>Quick Browse</label>
		<label2>Custom item</label2>
		<icon>DefaultShortcut.png</icon>
		<thumb />
		<action>RunScript(script.extendedinfo,info=allmovies)</action>
	</shortcut>
	<shortcut>
		<defaultID />
		<label>Deep Browse</label>
		<label2>Video Add-On</label2>
		<icon>DefaultShortcut.png</icon>
		<thumb>image://%2fUsers%2fpH%2fLibrary%2fApplication%20Support%2fKodi%2faddons%2fplugin.video.seren%2fico-fox-gold-final.png/</thumb>
		<action>ActivateWindow(Videos,"plugin://plugin.video.seren/?action=moviesHome",return)</action>
	</shortcut>
	<shortcut>
		<defaultID>plugin.video.openmeta/movies</defaultID>
		<label>Backup Browse</label>
		<label2>Video Add-On</label2>
		<icon>DefaultShortcut.png</icon>
		<thumb>image://%2fUsers%2fpH%2fLibrary%2fApplication%20Support%2fKodi%2faddons%2fplugin.video.openmeta%2fresources%2fmedia%2fmovies.png/</thumb>
		<action>ActivateWindow(Videos,"plugin://plugin.video.openmeta/movies",return)</action>
	</shortcut>
</shortcuts>
