<?xml version='1.0' encoding='UTF-8'?>
<shortcuts>
	<shortcut>
		<defaultID>plugin.video.openmeta/movies/tmdb/popular/1/</defaultID>
		<label>Popular (TMDB)</label>
		<label2>Video Add-On</label2>
		<icon>DefaultShortcut.png</icon>
		<thumb>image://%2fUsers%2fpH%2fLibrary%2fApplication%20Support%2fKodi%2faddons%2fplugin.video.openmeta%2fresources%2fmedia%2fpopular.png/</thumb>
		<action>ActivateWindow(Videos,"plugin://plugin.video.openmeta/movies/tmdb/popular/1/",return)</action>
		<disabled>True</disabled>
	</shortcut>
	<shortcut>
		<defaultID>plugin.video.openmeta/movies/tmdb/blockbusters/1/</defaultID>
		<label>Blockbusters (TMDB)</label>
		<label2>Video Add-On</label2>
		<icon>DefaultShortcut.png</icon>
		<thumb>image://%2fUsers%2fpH%2fLibrary%2fApplication%20Support%2fKodi%2faddons%2fplugin.video.openmeta%2fresources%2fmedia%2fmost_voted.png/</thumb>
		<action>ActivateWindow(Videos,"plugin://plugin.video.openmeta/movies/tmdb/blockbusters/1/",return)</action>
		<disabled>True</disabled>
	</shortcut>
	<shortcut>
		<defaultID>plugin.video.openmeta/movies/tmdb/now_playing/1/</defaultID>
		<label>In theatres (TMDB)</label>
		<label2>Video Add-On</label2>
		<icon>DefaultShortcut.png</icon>
		<thumb>image://%2fUsers%2fpH%2fLibrary%2fApplication%20Support%2fKodi%2faddons%2fplugin.video.openmeta%2fresources%2fmedia%2fintheatres.png/</thumb>
		<action>ActivateWindow(Videos,"plugin://plugin.video.openmeta/movies/tmdb/now_playing/1/",return)</action>
		<disabled>True</disabled>
	</shortcut>
	<shortcut>
		<defaultID>plugin.video.openmeta/movies/tmdb/top_rated/1/</defaultID>
		<label>Top rated (TMDB)</label>
		<label2>Video Add-On</label2>
		<icon>DefaultShortcut.png</icon>
		<thumb>image://%2fUsers%2fpH%2fLibrary%2fApplication%20Support%2fKodi%2faddons%2fplugin.video.openmeta%2fresources%2fmedia%2ftop_rated.png/</thumb>
		<action>ActivateWindow(Videos,"plugin://plugin.video.openmeta/movies/tmdb/top_rated/1/",return)</action>
		<disabled>True</disabled>
	</shortcut>
	<shortcut>
		<defaultID>plugin.video.openmeta/movies/trakt/imdb_top_rated_movies/1/</defaultID>
		<label>Top 250 (IMDB)</label>
		<label2>Video Add-On</label2>
		<icon>DefaultShortcut.png</icon>
		<thumb>image://%2fUsers%2fpH%2fLibrary%2fApplication%20Support%2fKodi%2faddons%2fplugin.video.openmeta%2fresources%2fmedia%2fimdb.png/</thumb>
		<action>ActivateWindow(Videos,"plugin://plugin.video.openmeta/movies/trakt/imdb_top_rated_movies/1/",return)</action>
		<disabled>True</disabled>
	</shortcut>
	<shortcut>
		<defaultID />
		<label>Popular Movies</label>
		<label2>Video Add-On</label2>
		<icon>DefaultShortcut.png</icon>
		<thumb>image://special%3a%2f%2fhome%2faddons%2fscript.extendedinfo%2fresources%2fskins%2fDefault%2fmedia%2ftmdb%2fthumb.png/</thumb>
		<action>ActivateWindow(Videos,"plugin://script.extendedinfo?info=popularmovies&amp;limit=0",return)</action>
		<disabled>True</disabled>
	</shortcut>
	<shortcut>
		<defaultID />
		<label>Top Rated Movies</label>
		<label2>Video Add-On</label2>
		<icon>DefaultShortcut.png</icon>
		<thumb>image://special%3a%2f%2fhome%2faddons%2fscript.extendedinfo%2fresources%2fskins%2fDefault%2fmedia%2ftmdb%2fthumb.png/</thumb>
		<action>ActivateWindow(Videos,"plugin://script.extendedinfo?info=topratedmovies&amp;limit=0",return)</action>
		<disabled>True</disabled>
	</shortcut>
	<shortcut>
		<defaultID />
		<label>In Theaters Movies</label>
		<label2>Video Add-On</label2>
		<icon>DefaultShortcut.png</icon>
		<thumb>image://special%3a%2f%2fhome%2faddons%2fscript.extendedinfo%2fresources%2fskins%2fDefault%2fmedia%2ftmdb%2fthumb.png/</thumb>
		<action>ActivateWindow(Videos,"plugin://script.extendedinfo?info=incinemamovies&amp;limit=0",return)</action>
		<disabled>True</disabled>
	</shortcut>
	<shortcut>
		<defaultID />
		<label>Trending</label>
		<label2>Video Add-On</label2>
		<icon>DefaultShortcut.png</icon>
		<thumb>image://%2fUsers%2fpH%2fLibrary%2fApplication%20Support%2fKodi%2faddons%2fplugin.video.seren%2fico-fox-gold-final.png/</thumb>
		<action>ActivateWindow(Videos,"plugin://plugin.video.seren/?action=moviesTrending&amp;page=1",return)</action>
		<disabled>True</disabled>
	</shortcut>
	<shortcut>
		<defaultID />
		<label>Latest 4k Releases</label>
		<label2>Video Add-On</label2>
		<icon>DefaultShortcut.png</icon>
		<thumb>image://%2fUsers%2fpH%2fLibrary%2fApplication%20Support%2fKodi%2faddons%2fplugin.video.seren%2fico-fox-gold-final.png/</thumb>
		<action>ActivateWindow(Videos,"plugin://plugin.video.seren/?action=moviesLatest4k",return)</action>
	</shortcut>
	<shortcut>
		<defaultID />
		<label>Latest Releases</label>
		<label2>Video Add-On</label2>
		<icon>DefaultShortcut.png</icon>
		<thumb>image://%2fUsers%2fpH%2fLibrary%2fApplication%20Support%2fKodi%2faddons%2fplugin.video.seren%2fico-fox-gold-final.png/</thumb>
		<action>ActivateWindow(Videos,"plugin://plugin.video.seren/?action=moviesLatest",return)</action>
	</shortcut>
	<shortcut>
		<defaultID />
		<label>Recommended For You</label>
		<label2>Video Add-On</label2>
		<icon>DefaultShortcut.png</icon>
		<thumb>image://%2fUsers%2fpH%2fLibrary%2fApplication%20Support%2fKodi%2faddons%2fplugin.video.seren%2fico-fox-gold-final.png/</thumb>
		<action>ActivateWindow(Videos,"plugin://plugin.video.seren/?action=moviesRecommended",return)</action>
		<disabled>True</disabled>
	</shortcut>
	<shortcut>
		<defaultID />
		<label>Rotten Tomatoes Best Movies of the Year</label>
		<label2>Video Add-On</label2>
		<icon>DefaultShortcut.png</icon>
		<thumb>image://%2fUsers%2fpH%2fLibrary%2fApplication%20Support%2fKodi%2faddons%2fplugin.video.seren%2fico-fox-gold-final.png/</thumb>
		<action>ActivateWindow(Videos,"plugin://plugin.video.seren/?action=moviesRTBestofyear",return)</action>
		<disabled>True</disabled>
	</shortcut>
	<shortcut>
		<defaultID />
		<label>Netflix Movies</label>
		<label2>Video Add-On</label2>
		<icon>DefaultShortcut.png</icon>
		<thumb>image://%2fUsers%2fpH%2fLibrary%2fApplication%20Support%2fKodi%2faddons%2fplugin.video.seren%2fico-fox-gold-final.png/</thumb>
		<action>ActivateWindow(Videos,"plugin://plugin.video.seren/?action=moviesNetflix",return)</action>
		<disabled>True</disabled>
	</shortcut>
	<shortcut>
		<defaultID />
		<label>Great Movies You May Have Never Heard Of</label>
		<label2>Video Add-On</label2>
		<icon>DefaultShortcut.png</icon>
		<thumb>image://%2fUsers%2fpH%2fLibrary%2fApplication%20Support%2fKodi%2faddons%2fplugin.video.seren%2fico-fox-gold-final.png/</thumb>
		<action>ActivateWindow(Videos,"plugin://plugin.video.seren/?action=moviesNeverseen",return)</action>
		<disabled>True</disabled>
	</shortcut>
	<shortcut>
		<defaultID />
		<label>Reddit Selections</label>
		<label2>Video Add-On</label2>
		<icon>DefaultShortcut.png</icon>
		<thumb>image://%2fUsers%2fpH%2fLibrary%2fApplication%20Support%2fKodi%2faddons%2fplugin.video.seren%2fico-fox-gold-final.png/</thumb>
		<action>ActivateWindow(Videos,"plugin://plugin.video.seren/?action=moviesLatestReddit",return)</action>
		<disabled>True</disabled>
	</shortcut>
	<shortcut>
		<defaultID />
		<label>Netflix Movies by Pixel Hunter</label>
		<label2>Video Add-On</label2>
		<icon>DefaultShortcut.png</icon>
		<thumb>image://%2fUsers%2fpH%2fLibrary%2fApplication%20Support%2fKodi%2faddons%2fplugin.video.seren%2fico-fox-gold-final.png/</thumb>
		<action>ActivateWindow(Videos,"plugin://plugin.video.seren/?action=moviesPixelHunter",return)</action>
		<disabled>True</disabled>
	</shortcut>
</shortcuts>
