<?xml version='1.0' encoding='UTF-8'?>
<shortcuts>
	<shortcut>
		<defaultID>tvshows</defaultID>
		<label>Tv Shows</label>
		<label2>Custom item</label2>
		<icon>special://skin/extras/icons/tv.png</icon>
		<thumb />
		<action>plugin://plugin.video.seren/?action=showsSearchResults&amp;actionArgs=</action>
	</shortcut>
	<shortcut>
		<defaultID>movies</defaultID>
		<label>Movies</label>
		<label2>Custom item</label2>
		<icon>special://skin/extras/icons/film.png</icon>
		<thumb />
		<action>plugin://plugin.video.seren/?action=moviesSearchResults&amp;actionArgs=</action>
	</shortcut>
	<shortcut>
		<defaultID>youtube</defaultID>
		<label>Youtube</label>
		<label2>Default</label2>
		<icon>special://skin/extras/icons/youtube.png</icon>
		<thumb />
		<action>DefaultSearch-Youtube</action>
	</shortcut>
	<shortcut>
		<defaultID>netflix</defaultID>
		<label>Netflix</label>
		<label2>Default</label2>
		<icon>special://skin/extras/icons/netflix.png</icon>
		<thumb />
		<action>DefaultSearch-Netflix</action>
		<disabled>True</disabled>
	</shortcut>
</shortcuts>
