<?xml version='1.0' encoding='UTF-8'?>
<shortcuts>
	<shortcut>
		<defaultID>plugin.video.openmeta/tv/tmdb_most_popular/1/</defaultID>
		<label>Popular (TMDB)</label>
		<label2>Video Add-On</label2>
		<icon>DefaultShortcut.png</icon>
		<thumb>image://%2fUsers%2fpH%2fLibrary%2fApplication%20Support%2fKodi%2faddons%2fplugin.video.openmeta%2fresources%2fmedia%2fpopular.png/</thumb>
		<action>ActivateWindow(Videos,"plugin://plugin.video.openmeta/tv/tmdb_most_popular/1/",return)</action>
		<disabled>True</disabled>
	</shortcut>
	<shortcut>
		<defaultID>plugin.video.openmeta/tv/tmdb_now_playing/1/</defaultID>
		<label>Currently Airing (TMDB)</label>
		<label2>Video Add-On</label2>
		<icon>DefaultShortcut.png</icon>
		<thumb>image://%2fUsers%2fpH%2fLibrary%2fApplication%20Support%2fKodi%2faddons%2fplugin.video.openmeta%2fresources%2fmedia%2fontheair.png/</thumb>
		<action>ActivateWindow(Videos,"plugin://plugin.video.openmeta/tv/tmdb_now_playing/1/",return)</action>
		<disabled>True</disabled>
	</shortcut>
	<shortcut>
		<defaultID>plugin.video.openmeta/tv/trakt_trending/1/</defaultID>
		<label>Trending (Trakt)</label>
		<label2>Video Add-On</label2>
		<icon>DefaultShortcut.png</icon>
		<thumb>image://%2fUsers%2fpH%2fLibrary%2fApplication%20Support%2fKodi%2faddons%2fplugin.video.openmeta%2fresources%2fmedia%2ftrending.png/</thumb>
		<action>ActivateWindow(Videos,"plugin://plugin.video.openmeta/tv/trakt_trending/1/",return)</action>
		<disabled>True</disabled>
	</shortcut>
	<shortcut>
		<defaultID>plugin.video.openmeta/tv/trakt_watched/1/</defaultID>
		<label>Most Watched (Trakt)</label>
		<label2>Video Add-On</label2>
		<icon>DefaultShortcut.png</icon>
		<thumb>image://%2fUsers%2fpH%2fLibrary%2fApplication%20Support%2fKodi%2faddons%2fplugin.video.openmeta%2fresources%2fmedia%2ftraktwatchlist.png/</thumb>
		<action>ActivateWindow(Videos,"plugin://plugin.video.openmeta/tv/trakt_watched/1/",return)</action>
		<disabled>True</disabled>
	</shortcut>
	<shortcut>
		<defaultID />
		<label>Popular</label>
		<label2>Video Add-On</label2>
		<icon>DefaultShortcut.png</icon>
		<thumb>image://special%3a%2f%2fhome%2faddons%2fscript.extendedinfo%2fresources%2fskins%2fDefault%2fmedia%2ftmdb%2fthumb.png/</thumb>
		<action>ActivateWindow(Videos,"plugin://script.extendedinfo?info=populartvshows&amp;limit=0",return)</action>
		<disabled>True</disabled>
	</shortcut>
	<shortcut>
		<defaultID />
		<label>Currently Airing</label>
		<label2>Video Add-On</label2>
		<icon>DefaultShortcut.png</icon>
		<thumb>image://special%3a%2f%2fhome%2faddons%2fscript.extendedinfo%2fresources%2fskins%2fDefault%2fmedia%2ftmdb%2fthumb.png/</thumb>
		<action>ActivateWindow(Videos,"plugin://script.extendedinfo?info=onairtvshows&amp;limit=0",return)</action>
		<disabled>True</disabled>
	</shortcut>
	<shortcut>
		<defaultID />
		<label>Top Rated</label>
		<label2>Video Add-On</label2>
		<icon>DefaultShortcut.png</icon>
		<thumb>image://special%3a%2f%2fhome%2faddons%2fscript.extendedinfo%2fresources%2fskins%2fDefault%2fmedia%2ftmdb%2fthumb.png/</thumb>
		<action>ActivateWindow(Videos,"plugin://script.extendedinfo?info=topratedtvshows&amp;limit=0",return)</action>
		<disabled>True</disabled>
	</shortcut>
	<shortcut>
		<defaultID />
		<label>Airing Today</label>
		<label2>Video Add-On</label2>
		<icon>DefaultShortcut.png</icon>
		<thumb>image://special%3a%2f%2fhome%2faddons%2fscript.extendedinfo%2fresources%2fskins%2fDefault%2fmedia%2ftmdb%2fthumb.png/</thumb>
		<action>ActivateWindow(Videos,"plugin://script.extendedinfo?info=airingtodaytvshows&amp;limit=0",return)</action>
		<disabled>True</disabled>
	</shortcut>
	<shortcut>
		<defaultID />
		<label>Trending</label>
		<label2>Video Add-On</label2>
		<icon>DefaultShortcut.png</icon>
		<thumb>image://%2fUsers%2fpH%2fLibrary%2fApplication%20Support%2fKodi%2faddons%2fplugin.video.seren%2fico-fox-gold-final.png/</thumb>
		<action>ActivateWindow(Videos,"plugin://plugin.video.seren/?action=showsTrending&amp;page=1",return)</action>
	</shortcut>
	<shortcut>
		<defaultID />
		<label>New</label>
		<label2>Video Add-On</label2>
		<icon>DefaultShortcut.png</icon>
		<thumb>image://%2fUsers%2fpH%2fLibrary%2fApplication%20Support%2fKodi%2faddons%2fplugin.video.seren%2fico-fox-gold-final.png/</thumb>
		<action>ActivateWindow(Videos,"plugin://plugin.video.seren/?action=showsNew",return)</action>
	</shortcut>
	<shortcut>
		<defaultID />
		<label>New by Gary</label>
		<label2>Video Add-On</label2>
		<icon>DefaultShortcut.png</icon>
		<thumb>image://%2fUsers%2fpH%2fLibrary%2fApplication%20Support%2fKodi%2faddons%2fplugin.video.seren%2fico-fox-gold-final.png/</thumb>
		<action>ActivateWindow(Videos,"plugin://plugin.video.seren/?action=showsGary",return)</action>
	</shortcut>
	<shortcut>
		<defaultID />
		<label>Recommended For You</label>
		<label2>Video Add-On</label2>
		<icon>DefaultShortcut.png</icon>
		<thumb>image://%2fUsers%2fpH%2fLibrary%2fApplication%20Support%2fKodi%2faddons%2fplugin.video.seren%2fico-fox-gold-final.png/</thumb>
		<action>ActivateWindow(Videos,"plugin://plugin.video.seren/?action=showsRecommended",return)</action>
		<disabled>True</disabled>
	</shortcut>
	<shortcut>
		<defaultID />
		<label>Most Watched</label>
		<label2>Video Add-On</label2>
		<icon>DefaultShortcut.png</icon>
		<thumb>image://%2fUsers%2fpH%2fLibrary%2fApplication%20Support%2fKodi%2faddons%2fplugin.video.seren%2fico-fox-gold-final.png/</thumb>
		<action>ActivateWindow(Videos,"plugin://plugin.video.seren/?action=showsWatched&amp;page=1",return)</action>
		<disabled>True</disabled>
	</shortcut>
	<shortcut>
		<defaultID />
		<label>Netflix</label>
		<label2>Video Add-On</label2>
		<icon>DefaultShortcut.png</icon>
		<thumb>image://%2fUsers%2fpH%2fLibrary%2fApplication%20Support%2fKodi%2faddons%2fplugin.video.seren%2fico-fox-gold-final.png/</thumb>
		<action>ActivateWindow(Videos,"plugin://plugin.video.seren/?action=showsNetflix",return)</action>
		<disabled>True</disabled>
	</shortcut>
	<shortcut>
		<defaultID />
		<label>Amazon</label>
		<label2>Video Add-On</label2>
		<icon>DefaultShortcut.png</icon>
		<thumb>image://%2fUsers%2fpH%2fLibrary%2fApplication%20Support%2fKodi%2faddons%2fplugin.video.seren%2fico-fox-gold-final.png/</thumb>
		<action>ActivateWindow(Videos,"plugin://plugin.video.seren/?action=showsAmazon",return)</action>
		<disabled>True</disabled>
	</shortcut>
	<shortcut>
		<defaultID />
		<label>Hulu</label>
		<label2>Video Add-On</label2>
		<icon>DefaultShortcut.png</icon>
		<thumb>image://%2fUsers%2fpH%2fLibrary%2fApplication%20Support%2fKodi%2faddons%2fplugin.video.seren%2fico-fox-gold-final.png/</thumb>
		<action>ActivateWindow(Videos,"plugin://plugin.video.seren/?action=showsHulu",return)</action>
		<disabled>True</disabled>
	</shortcut>
</shortcuts>
